text,font_size,is_bold,font_name,page_number,char_count,word_count,ends_with_period,is_all_caps,capitalized_word_ratio,digit_ratio,font_size_ratio,block_index_on_page,y_coordinate_normalized,contains_chapter_keyword,is_italic,is_centered,a,predicted_label
Overview,24.0,1,"Arial,Bold",1,8,1,False,False,0.9999900000999989,0.0,0.9999995833335069,0,0.0,False,False,False,,H2
Foundation Level Extensions,24.0,1,"Arial,Bold",1,27,3,False,False,0.9999966666777778,0.0,0.9999995833335069,1,0.013513511687363285,False,False,False,,H1
Version 1.0,12.0,0,Arial,1,11,2,False,False,0.49999750001249993,0.1818180165290759,0.49999979166675346,2,0.02702702337472657,False,False,False,,Body
International Software Testing Qualifications Board,18.0,0,Arial,1,51,5,False,False,0.9999980000040001,0.0,0.7499996875001302,3,0.04054053506208986,False,False,False,,Body
Copyright Notice,9.960000038146973,0,Arial,1,16,2,False,False,0.9999950000249999,0.0,0.41499982867286195,4,0.05405404674945314,False,False,False,,H2
"This document may be copied in its entirety, or extracts made, if the source is acknowledged.",9.960000038146973,0,Arial,1,93,16,True,False,0.06249996093752441,0.0,0.41499982867286195,5,0.06756755843681643,False,False,False,,Body
International,9.960000038146973,0,Arial,2,13,1,False,False,0.9999900000999989,0.0,0.41499982867286195,0,0.0,False,False,False,,H2
Overview,12.0,0,Arial,2,8,1,False,False,0.9999900000999989,0.0,0.49999979166675346,1,0.013513511687363285,False,False,False,,H2
Software Testing,9.960000038146973,0,Arial,2,16,2,False,False,0.9999950000249999,0.0,0.41499982867286195,2,0.02702702337472657,False,False,False,,H2
Foundation Level Extension –,9.960000038146973,0,Arial,2,28,4,False,False,0.7499981250046875,0.0,0.41499982867286195,3,0.04054053506208986,False,False,False,,Body
Agile Tester,9.960000038146973,0,Arial,2,12,2,False,False,0.9999950000249999,0.0,0.41499982867286195,4,0.05405404674945314,False,False,False,,H2
Qualifications,9.960000038146973,0,Arial,2,14,1,False,False,0.9999900000999989,0.0,0.41499982867286195,5,0.06756755843681643,False,False,False,,H2
Board,9.960000038146973,0,Arial,2,5,1,False,False,0.9999900000999989,0.0,0.41499982867286195,6,0.08108107012417971,False,False,False,,Body
Copyright © International Software Testing Qualifications Board (hereinafter called ISTQB®).,9.960000038146973,0,Arial,2,92,10,True,False,0.5999994000006,0.0,0.41499982867286195,7,0.094594581811543,False,False,False,,Body
Version 2014,9.960000038146973,0,Trebuchet MS,2,12,2,False,False,0.49999750001249993,0.33333305555578707,0.41499982867286195,8,0.10810809349890628,False,False,False,,Body
Page 2 of 12,9.960000038146973,0,Trebuchet MS,2,12,4,False,False,0.24999937500156252,0.24999979166684028,0.41499982867286195,9,0.12162160518626956,False,False,False,,Body
"May 31, 2014",9.960000038146973,0,Trebuchet MS,2,12,3,False,False,0.3333322222259259,0.49999958333368055,0.41499982867286195,10,0.13513511687363286,False,False,False,,Body
© International Software Testing Qualifications Board,6.0,0,Arial,2,53,6,False,False,0.8333319444467593,0.0,0.24999989583337673,11,0.14864862856099614,False,False,False,,Body
Qualifications Board,9.960000038146973,0,Arial,3,20,2,False,False,0.9999950000249999,0.0,0.41499982867286195,0,0.0,False,False,False,,H2
International,9.960000038146973,0,Arial,3,13,1,False,False,0.9999900000999989,0.0,0.41499982867286195,1,0.013513511687363285,False,False,False,,H2
Overview,12.0,0,Arial,3,8,1,False,False,0.9999900000999989,0.0,0.49999979166675346,2,0.02702702337472657,False,False,False,,H2
Software Testing,9.960000038146973,0,Arial,3,16,2,False,False,0.9999950000249999,0.0,0.41499982867286195,3,0.04054053506208986,False,False,False,,H2
Foundation Level Extension –,9.960000038146973,0,Arial,3,28,4,False,False,0.7499981250046875,0.0,0.41499982867286195,4,0.05405404674945314,False,False,False,,Body
Agile Tester,9.960000038146973,0,Arial,3,12,2,False,False,0.9999950000249999,0.0,0.41499982867286195,5,0.06756755843681643,False,False,False,,H2
Revision History,15.960000038146973,1,"Arial,Bold",3,16,2,False,False,0.9999950000249999,0.0,0.6649997245062387,6,0.08108107012417971,False,False,False,,H2
Version,9.960000038146973,1,"Arial,Bold",3,7,1,False,False,0.9999900000999989,0.0,0.41499982867286195,7,0.094594581811543,False,False,False,,H2
Date,9.960000038146973,1,"Arial,Bold",3,4,1,False,False,0.9999900000999989,0.0,0.41499982867286195,8,0.10810809349890628,False,False,False,,H2
Remarks,9.960000038146973,1,"Arial,Bold",3,7,1,False,False,0.9999900000999989,0.0,0.41499982867286195,9,0.12162160518626956,False,False,False,,H2
0.1,9.960000038146973,0,Arial,3,3,1,False,False,0.0,0.6666644444518518,0.41499982867286195,10,0.13513511687363286,False,False,False,,H4
18 JUNE 2013,9.960000038146973,0,Arial,3,12,3,False,True,0.0,0.49999958333368055,0.41499982867286195,11,0.14864862856099614,False,False,False,,H4
Initial version,9.960000038146973,0,Arial,3,15,2,False,False,0.49999750001249993,0.0,0.41499982867286195,12,0.16216214024835943,False,False,False,,Body
0.2,9.960000038146973,0,Arial,3,3,1,False,False,0.0,0.6666644444518518,0.41499982867286195,13,0.1756756519357227,False,False,False,,Body
23 JULY 2013,9.960000038146973,0,Arial,3,12,3,False,True,0.0,0.49999958333368055,0.41499982867286195,14,0.189189163623086,False,False,False,,H4
WG reviewed and confirmed,9.960000038146973,0,Arial,3,25,4,False,False,0.0,0.0,0.41499982867286195,15,0.20270267531044928,False,False,False,,Body
0.3,9.960000038146973,0,Arial,3,3,1,False,False,0.0,0.6666644444518518,0.41499982867286195,16,0.21621618699781256,False,False,False,,H4
6 NOV 2013,9.960000038146973,0,Arial,3,10,3,False,True,0.0,0.49999950000050003,0.41499982867286195,17,0.22972969868517584,False,False,False,,H4
amended population and diagram,9.960000038146973,0,Arial,3,30,4,False,False,0.0,0.0,0.41499982867286195,18,0.24324321037253913,False,False,False,,Body
0.7,9.960000038146973,0,Arial,3,3,1,False,False,0.0,0.6666644444518518,0.41499982867286195,19,0.2567567220599024,False,False,False,,H4
11 DEC 2013,9.960000038146973,0,Arial,3,11,3,False,True,0.0,0.5454540495872277,0.41499982867286195,20,0.2702702337472657,False,False,False,,H4
Amended Business Outcomes and Chapters matching,9.960000038146973,0,Arial,3,47,6,False,False,0.6666655555574075,0.0,0.41499982867286195,21,0.283783745434629,True,False,False,,Body
0.8,9.960000038146973,0,Arial,3,3,1,False,False,0.0,0.6666644444518518,0.41499982867286195,22,0.2972972571219923,False,False,False,,H4
20 DEC 2013,9.960000038146973,0,Arial,3,11,3,False,True,0.0,0.5454540495872277,0.41499982867286195,23,0.31081076880935554,False,False,False,,H4
Working group updates on 0.7,9.960000038146973,0,Arial,3,28,5,False,False,0.19999960000080003,0.07142854591837645,0.41499982867286195,24,0.32432428049671885,False,False,False,,Body
1.0,9.960000038146973,0,Arial,3,3,1,False,False,0.0,0.6666644444518518,0.41499982867286195,25,0.3378377921840821,False,False,False,,H4
31 MAY 2014,9.960000038146973,0,Arial,3,11,3,False,True,0.0,0.5454540495872277,0.41499982867286195,26,0.3513513038714454,False,False,False,,H4
GA release for Agile Extension,9.960000038146973,0,Arial,3,30,5,False,False,0.39999920000160005,0.0,0.41499982867286195,27,0.3648648155588087,False,False,False,,Body
Version 2014,9.960000038146973,0,Trebuchet MS,3,12,2,False,False,0.49999750001249993,0.33333305555578707,0.41499982867286195,28,0.378378327246172,False,False,False,,Body
Page 3 of 12,9.960000038146973,0,Trebuchet MS,3,12,4,False,False,0.24999937500156252,0.24999979166684028,0.41499982867286195,29,0.39189183893353524,False,False,False,,Body
"May 31, 2014",9.960000038146973,0,Trebuchet MS,3,12,3,False,False,0.3333322222259259,0.49999958333368055,0.41499982867286195,30,0.40540535062089855,False,False,False,,Body
© International Software Testing Qualifications Board,6.0,0,Arial,3,53,6,False,False,0.8333319444467593,0.0,0.24999989583337673,31,0.4189188623082618,False,False,False,,Body
..........................................................................................................................................,9.960000038146973,1,"Arial,Bold",4,138,1,True,False,0.0,0.0,0.41499982867286195,0,0.0,False,False,False,,H2
........................................................................................................................................,9.960000038146973,1,"Arial,Bold",4,136,1,True,False,0.0,0.0,0.41499982867286195,1,0.013513511687363285,False,False,False,,H2
............................................................................,9.960000038146973,1,"Arial,Bold",4,76,1,True,False,0.0,0.0,0.41499982867286195,2,0.02702702337472657,False,False,False,,H2
...............................................................,9.960000038146973,1,"Arial,Bold",4,63,1,True,False,0.0,0.0,0.41499982867286195,3,0.04054053506208986,False,False,False,,H2
.....................................................................................................................,9.960000038146973,0,Arial,4,117,1,True,False,0.0,0.0,0.41499982867286195,4,0.05405404674945314,False,False,False,,Body
............................................................................................................,9.960000038146973,0,Arial,4,108,1,True,False,0.0,0.0,0.41499982867286195,5,0.06756755843681643,False,False,False,,Body
...................................................................................................................,9.960000038146973,0,Arial,4,115,1,True,False,0.0,0.0,0.41499982867286195,6,0.08108107012417971,False,False,False,,Body
...................................................................................................................,9.960000038146973,0,Arial,4,115,1,True,False,0.0,0.0,0.41499982867286195,7,0.094594581811543,False,False,False,,Body
...................................................................................................,9.960000038146973,0,Arial,4,99,1,True,False,0.0,0.0,0.41499982867286195,8,0.10810809349890628,False,False,False,,Body
......................................................................................................................,9.960000038146973,0,Arial,4,118,1,True,False,0.0,0.0,0.41499982867286195,9,0.12162160518626956,False,False,False,,Body
.........................................,9.960000038146973,1,"Arial,Bold",4,41,1,True,False,0.0,0.0,0.41499982867286195,10,0.13513511687363286,False,False,False,,H2
.................................................................................................................,9.960000038146973,0,Arial,4,113,1,True,False,0.0,0.0,0.41499982867286195,11,0.14864862856099614,False,False,False,,Body
....................................................................................................................................,9.960000038146973,0,Arial,4,132,1,True,False,0.0,0.0,0.41499982867286195,12,0.16216214024835943,False,False,False,,Body
..........................................................................................................................................,9.960000038146973,1,"Arial,Bold",4,138,1,True,False,0.0,0.0,0.41499982867286195,13,0.1756756519357227,False,False,False,,Body
.............................................................................................................................,9.960000038146973,0,Arial,4,125,1,True,False,0.0,0.0,0.41499982867286195,14,0.189189163623086,False,False,False,,Body
.......................................................................................................,9.960000038146973,0,Arial,4,103,1,True,False,0.0,0.0,0.41499982867286195,15,0.20270267531044928,False,False,False,,Body
International,9.960000038146973,0,Arial,4,13,1,False,False,0.9999900000999989,0.0,0.41499982867286195,16,0.21621618699781256,False,False,False,,Body
Overview,12.0,0,Arial,4,8,1,False,False,0.9999900000999989,0.0,0.49999979166675346,17,0.22972969868517584,False,False,False,,Body
Software Testing,9.960000038146973,0,Arial,4,16,2,False,False,0.9999950000249999,0.0,0.41499982867286195,18,0.24324321037253913,False,False,False,,Body
Foundation Level Extension –,9.960000038146973,0,Arial,4,28,4,False,False,0.7499981250046875,0.0,0.41499982867286195,19,0.2567567220599024,False,False,False,,Body
Agile Tester,9.960000038146973,0,Arial,4,12,2,False,False,0.9999950000249999,0.0,0.41499982867286195,20,0.2702702337472657,False,False,False,,Body
Qualifications,9.960000038146973,0,Arial,4,14,1,False,False,0.9999900000999989,0.0,0.41499982867286195,21,0.283783745434629,False,False,False,,Body
Board,9.960000038146973,0,Arial,4,5,1,False,False,0.9999900000999989,0.0,0.41499982867286195,22,0.2972972571219923,False,False,False,,Body
Table of Contents,15.960000038146973,1,"Arial,Bold",4,17,3,False,False,0.6666644444518518,0.0,0.6649997245062387,23,0.31081076880935554,False,False,False,,H3
Revision History,9.960000038146973,1,"Arial,Bold",4,16,2,False,False,0.9999950000249999,0.0,0.41499982867286195,24,0.32432428049671885,False,False,False,,H3
3,9.960000038146973,1,"Arial,Bold",4,1,1,False,False,0.0,0.9999900000999989,0.41499982867286195,25,0.3378377921840821,False,False,False,,H4
Table of Contents,9.960000038146973,1,"Arial,Bold",4,17,3,False,False,0.6666644444518518,0.0,0.41499982867286195,26,0.3513513038714454,False,False,False,,H3
4,9.960000038146973,1,"Arial,Bold",4,1,1,False,False,0.0,0.9999900000999989,0.41499982867286195,27,0.3648648155588087,False,False,False,,H4
1.,9.960000038146973,1,"Arial,Bold",4,2,1,True,False,0.0,0.49999750001249993,0.41499982867286195,28,0.378378327246172,False,False,False,,H4
Introduction to the Foundation Level Extensions,9.960000038146973,1,"Arial,Bold",4,47,6,False,False,0.6666655555574075,0.0,0.41499982867286195,29,0.39189183893353524,False,False,False,,Body
6,9.960000038146973,1,"Arial,Bold",4,1,1,False,False,0.0,0.9999900000999989,0.41499982867286195,30,0.40540535062089855,False,False,False,,H4
2.,9.960000038146973,1,"Arial,Bold",4,2,1,True,False,0.0,0.49999750001249993,0.41499982867286195,31,0.4189188623082618,False,False,False,,H4
Introduction to Foundation Level Agile Tester Extension,9.960000038146973,1,"Arial,Bold",4,55,7,False,False,0.8571416326548106,0.0,0.41499982867286195,32,0.4324323739956251,False,False,False,,Body
7,9.960000038146973,1,"Arial,Bold",4,1,1,False,False,0.0,0.9999900000999989,0.41499982867286195,33,0.4459458856829884,False,False,False,,H4
2.1,9.960000038146973,0,Arial,4,3,1,False,False,0.0,0.6666644444518518,0.41499982867286195,34,0.4594593973703517,False,False,False,,Body
Intended Audience,9.960000038146973,0,Arial,4,17,2,False,False,0.9999950000249999,0.0,0.41499982867286195,35,0.472972909057715,False,False,False,,Body
7,9.960000038146973,0,Arial,4,1,1,False,False,0.0,0.9999900000999989,0.41499982867286195,36,0.48648642074507825,False,False,False,,H4
2.2,9.960000038146973,0,Arial,4,3,1,False,False,0.0,0.6666644444518518,0.41499982867286195,37,0.49999993243244156,False,False,False,,Body
Career Paths for Testers,9.960000038146973,0,Arial,4,24,4,False,False,0.7499981250046875,0.0,0.41499982867286195,38,0.5135134441198048,False,False,False,,Body
7,9.960000038146973,0,Arial,4,1,1,False,False,0.0,0.9999900000999989,0.41499982867286195,39,0.5270269558071681,False,False,False,,H4
2.3,9.960000038146973,0,Arial,4,3,1,False,False,0.0,0.6666644444518518,0.41499982867286195,40,0.5405404674945314,False,False,False,,Body
Learning Objectives,9.960000038146973,0,Arial,4,19,2,False,False,0.9999950000249999,0.0,0.41499982867286195,41,0.5540539791818947,False,False,False,,Body
7,9.960000038146973,0,Arial,4,1,1,False,False,0.0,0.9999900000999989,0.41499982867286195,42,0.567567490869258,False,False,False,,H4
2.4,9.960000038146973,0,Arial,4,3,1,False,False,0.0,0.6666644444518518,0.41499982867286195,43,0.5810810025566212,False,False,False,,Body
Entry Requirements,9.960000038146973,0,Arial,4,18,2,False,False,0.9999950000249999,0.0,0.41499982867286195,44,0.5945945142439846,False,False,False,,Body
8,9.960000038146973,0,Arial,4,1,1,False,False,0.0,0.9999900000999989,0.41499982867286195,45,0.6081080259313478,False,False,False,,H4
2.5,9.960000038146973,0,Arial,4,3,1,False,False,0.0,0.6666644444518518,0.41499982867286195,46,0.6216215376187111,False,False,False,,Body
Structure and Course Duration,9.960000038146973,0,Arial,4,29,4,False,False,0.7499981250046875,0.0,0.41499982867286195,47,0.6351350493060743,False,False,False,,Body
8,9.960000038146973,0,Arial,4,1,1,False,False,0.0,0.9999900000999989,0.41499982867286195,48,0.6486485609934377,False,False,False,,H4
2.6,9.960000038146973,0,Arial,4,3,1,False,False,0.0,0.6666644444518518,0.41499982867286195,49,0.662162072680801,False,False,False,,Body
Keeping It Current,9.960000038146973,0,Arial,4,18,3,False,False,0.9999966666777778,0.0,0.41499982867286195,50,0.6756755843681642,False,False,False,,Body
9,9.960000038146973,0,Arial,4,1,1,False,False,0.0,0.9999900000999989,0.41499982867286195,51,0.6891890960555276,False,False,False,,H4
3.,9.960000038146973,1,"Arial,Bold",4,2,1,True,False,0.0,0.49999750001249993,0.41499982867286195,52,0.7027026077428908,False,False,False,,H3
Overview of the Foundation Level Extension –,9.960000038146973,1,"Arial,Bold",4,44,7,False,False,0.571427755103207,0.0,0.41499982867286195,53,0.7162161194302541,False,False,False,,Body
Agile Tester Syllabus,9.960000038146973,1,"Arial,Bold",4,21,3,False,False,0.9999966666777778,0.0,0.41499982867286195,54,0.7297296311176174,False,False,False,,H3
10,9.960000038146973,1,"Arial,Bold",4,2,1,False,False,0.0,0.9999950000249999,0.41499982867286195,55,0.7432431428049807,False,False,False,,H4
3.1,9.960000038146973,0,Arial,4,3,1,False,False,0.0,0.6666644444518518,0.41499982867286195,56,0.756756654492344,False,False,False,,Body
Business Outcomes,9.960000038146973,0,Arial,4,17,2,False,False,0.9999950000249999,0.0,0.41499982867286195,57,0.7702701661797072,False,False,False,,Body
10,9.960000038146973,0,Arial,4,2,1,False,False,0.0,0.9999950000249999,0.41499982867286195,58,0.7837836778670705,False,False,False,,H4
3.2,9.960000038146973,0,Arial,4,3,1,False,False,0.0,0.6666644444518518,0.41499982867286195,59,0.7972971895544338,False,False,False,,Body
Content,9.960000038146973,0,Arial,4,7,1,False,False,0.9999900000999989,0.0,0.41499982867286195,60,0.8108107012417971,False,False,False,,Body
10,9.960000038146973,0,Arial,4,2,1,False,False,0.0,0.9999950000249999,0.41499982867286195,61,0.8243242129291604,False,False,False,,H4
4.,9.960000038146973,1,"Arial,Bold",4,2,1,True,False,0.0,0.49999750001249993,0.41499982867286195,62,0.8378377246165236,False,False,False,,H3
References,9.960000038146973,1,"Arial,Bold",4,10,1,False,False,0.9999900000999989,0.0,0.41499982867286195,63,0.851351236303887,False,False,False,,H3
12,9.960000038146973,1,"Arial,Bold",4,2,1,False,False,0.0,0.9999950000249999,0.41499982867286195,64,0.8648647479912502,False,False,False,,H4
4.1,9.960000038146973,0,Arial,4,3,1,False,False,0.0,0.6666644444518518,0.41499982867286195,65,0.8783782596786135,False,False,False,,H4
Trademarks,9.960000038146973,0,Arial,4,10,1,False,False,0.9999900000999989,0.0,0.41499982867286195,66,0.8918917713659767,False,False,False,,Body
12,9.960000038146973,0,Arial,4,2,1,False,False,0.0,0.9999950000249999,0.41499982867286195,67,0.9054052830533401,False,False,False,,H4
4.2,9.960000038146973,0,Arial,4,3,1,False,False,0.0,0.6666644444518518,0.41499982867286195,68,0.9189187947407034,False,False,False,,H4
Documents and Web Sites,9.960000038146973,0,Arial,4,23,4,False,False,0.7499981250046875,0.0,0.41499982867286195,69,0.9324323064280666,False,False,False,,Body
12,9.960000038146973,0,Arial,4,2,1,False,False,0.0,0.9999950000249999,0.41499982867286195,70,0.94594581811543,False,False,False,,H4
Version 2014,9.960000038146973,0,Trebuchet MS,4,12,2,False,False,0.49999750001249993,0.33333305555578707,0.41499982867286195,71,0.9594593298027932,False,False,False,,Body
Page 4 of 12,9.960000038146973,0,Trebuchet MS,4,12,4,False,False,0.24999937500156252,0.24999979166684028,0.41499982867286195,72,0.9729728414901565,False,False,False,,Body
"May 31, 2014",9.960000038146973,0,Trebuchet MS,4,12,3,False,False,0.3333322222259259,0.49999958333368055,0.41499982867286195,73,0.9864863531775198,False,False,False,,Body
© International Software Testing Qualifications Board,6.0,0,Arial,4,53,6,False,False,0.8333319444467593,0.0,0.24999989583337673,74,0.9999998648648831,False,False,False,,Body
International,9.960000038146973,0,Arial,5,13,1,False,False,0.9999900000999989,0.0,0.41499982867286195,0,0.0,False,False,False,,H2
Overview,12.0,0,Arial,5,8,1,False,False,0.9999900000999989,0.0,0.49999979166675346,1,0.013513511687363285,False,False,False,,H2
Software Testing,9.960000038146973,0,Arial,5,16,2,False,False,0.9999950000249999,0.0,0.41499982867286195,2,0.02702702337472657,False,False,False,,H2
Foundation Level Extension –,9.960000038146973,0,Arial,5,28,4,False,False,0.7499981250046875,0.0,0.41499982867286195,3,0.04054053506208986,False,False,False,,Body
Agile Tester,9.960000038146973,0,Arial,5,12,2,False,False,0.9999950000249999,0.0,0.41499982867286195,4,0.05405404674945314,False,False,False,,H2
Qualifications,9.960000038146973,0,Arial,5,14,1,False,False,0.9999900000999989,0.0,0.41499982867286195,5,0.06756755843681643,False,False,False,,H2
Board,9.960000038146973,0,Arial,5,5,1,False,False,0.9999900000999989,0.0,0.41499982867286195,6,0.08108107012417971,False,False,False,,Body
Acknowledgements,15.960000038146973,0,Arial,5,16,1,False,False,0.9999900000999989,0.0,0.6649997245062387,7,0.094594581811543,False,False,False,,H2
This document was produced by a team from the International Software Testing Qualifications Board,9.960000038146973,0,Arial,5,97,14,False,False,0.42857112244919826,0.0,0.41499982867286195,8,0.10810809349890628,False,False,False,,Body
Foundation Level Working Group.,9.960000038146973,0,Arial,5,31,4,True,False,0.9999975000062501,0.0,0.41499982867286195,9,0.12162160518626956,False,False,False,,Body
The Agile Extension team thanks the review team and the National Boards for their suggestions and input.,9.960000038146973,0,Arial,5,104,17,True,False,0.29411747404854466,0.0,0.41499982867286195,10,0.13513511687363286,False,False,False,,Body
"At the time the Foundation Level Agile Extension Syllabus was completed, the Agile Extension Working",9.960000038146973,0,Arial,5,100,15,False,False,0.5999996000002666,0.0,0.41499982867286195,11,0.14864862856099614,False,False,False,,Body
"Group had the following membership: Rex Black (Chair), Bertrand Cornanguer (Vice Chair), Gerry",9.960000038146973,0,Arial,5,94,13,False,False,0.6923071597637233,0.0,0.41499982867286195,12,0.16216214024835943,False,False,False,,Body
"Coleman (Learning Objectives Lead), Debra Friedenberg (Exam Lead), Alon Linetzki (Business Outcomes",9.960000038146973,0,Arial,5,99,12,False,False,0.9999991666673611,0.0,0.41499982867286195,13,0.1756756519357227,False,False,False,,Body
"and Marketing Lead), Tauhida Parveen (Editor), and Leo van der Aalst (Development Lead).",9.960000038146973,0,Arial,5,88,13,True,False,0.6923071597637233,0.0,0.41499982867286195,14,0.189189163623086,False,False,False,,Body
"Authors: Rex Black, Anders Claesson, Gerry Coleman, Bertrand Cornanguer, Istvan Forgacs, Alon",9.960000038146973,0,Arial,5,93,12,False,False,0.9999991666673611,0.0,0.41499982867286195,15,0.20270267531044928,False,False,False,,Body
"Linetzki, Tilo Linz, Leo van der Aalst, Marie Walsh, and Stephan Weber.",9.960000038146973,0,Arial,5,71,12,True,False,0.7499993750005208,0.0,0.41499982867286195,16,0.21621618699781256,False,False,False,,Body
"Internal Reviewers: Mette Bruhn-Pedersen, Christopher Clements, Alessandro Collino, Debra",9.960000038146973,0,Arial,5,89,9,False,False,0.9999988888901234,0.0,0.41499982867286195,17,0.22972969868517584,False,False,False,,Body
"Friedenberg, Kari Kakkonen, Beata Karpinska, Sammy Kolluru, Jennifer Leger, Thomas Mueller, Tuula",9.960000038146973,0,Arial,5,97,12,False,False,0.9999991666673611,0.0,0.41499982867286195,18,0.24324321037253913,False,False,False,,Body
"Pääkkönen, Meile Posthuma, Gabor Puhalla, Lloyd Roden, Marko Rytkönen, Monika Stoecklein-Olsen,",9.960000038146973,0,Arial,5,95,11,False,False,0.9999990909099173,0.0,0.41499982867286195,19,0.2567567220599024,False,False,False,,Body
"Robert Treffny, Chris Van Bael, and Erik van Veenendaal.",9.960000038146973,0,Arial,5,56,9,True,False,0.7777769135812072,0.0,0.41499982867286195,20,0.2702702337472657,False,False,False,,Body
"The team thanks also the following persons, from the National Boards and the Agile expert community,",9.960000038146973,0,Arial,5,100,16,False,False,0.24999984375009765,0.0,0.41499982867286195,21,0.283783745434629,False,False,False,,Body
"who participated in reviewing, commenting, and balloting of the Foundation Agile Extension Syllabus: Dani",9.960000038146973,0,Arial,5,105,14,False,False,0.35714260204099857,0.0,0.41499982867286195,22,0.2972972571219923,True,False,False,,Body
"Almog, Richard Berns, Stephen Bird, Monika Bögge, Afeng Chai, Josephine Crawford, Tibor Csöndes,",9.960000038146973,0,Arial,5,96,13,False,False,0.9999992307698226,0.0,0.41499982867286195,23,0.31081076880935554,False,False,False,,Body
"Huba Demeter, Arnaud Foucal, Cyril Fumery, Kobi Halperin, Inga Hansen, Hanne Hinz, Jidong Hu, Phill",9.960000038146973,0,Arial,5,99,15,False,False,0.9999993333337778,0.0,0.41499982867286195,24,0.32432428049671885,False,False,False,,Body
"Isles, Shirley Itah, Martin Klonk, Kjell Lauren, Igal Levi, Rik Marselis, Johan Meivert, Armin Metzger, Peter",9.960000038146973,0,Arial,5,109,16,False,False,0.9999993750003906,0.0,0.41499982867286195,25,0.3378377921840821,False,False,False,,Body
"Morgan,",9.960000038146973,0,Arial,5,7,1,False,False,0.9999900000999989,0.0,0.41499982867286195,26,0.3513513038714454,False,False,False,,Body
"Ninna Morin,",9.960000038146973,0,Arial,5,12,2,False,False,0.9999950000249999,0.0,0.41499982867286195,27,0.3648648155588087,False,False,False,,Body
"Ingvar Nordstrom,",9.960000038146973,0,Arial,5,17,2,False,False,0.9999950000249999,0.0,0.41499982867286195,28,0.378378327246172,False,False,False,,Body
Chris,9.960000038146973,0,Arial,5,5,1,False,False,0.9999900000999989,0.0,0.41499982867286195,29,0.39189183893353524,False,False,False,,Body
"O’Dea,",9.960000038146973,0,Arial,5,6,1,False,False,0.9999900000999989,0.0,0.41499982867286195,30,0.40540535062089855,False,False,False,,Body
Klaus,9.960000038146973,0,Arial,5,5,1,False,False,0.9999900000999989,0.0,0.41499982867286195,31,0.4189188623082618,False,False,False,,Body
"Olsen, Ismo",9.960000038146973,0,Arial,5,11,2,False,False,0.9999950000249999,0.0,0.41499982867286195,32,0.4324323739956251,False,False,False,,Body
"Paukamainen,",9.960000038146973,0,Arial,5,12,1,False,False,0.9999900000999989,0.0,0.41499982867286195,33,0.4459458856829884,False,False,False,,Body
"Nathalie Phung,",9.960000038146973,0,Arial,5,15,2,False,False,0.9999950000249999,0.0,0.41499982867286195,34,0.4594593973703517,False,False,False,,Body
"Helmut Pichler, Salvatore Reale, Stuart Reid, Hans Rombouts, Petri Säilynoja, Soile Sainio, Lars-Erik",9.960000038146973,0,Arial,5,101,13,False,False,0.9999992307698226,0.0,0.41499982867286195,35,0.472972909057715,False,False,False,,Body
"Sandberg, Dakar Shalom,  Jian Shen, Marco Sogliani, Lucjan Stapp, Yaron Tsubery, Sabine Uhde,",9.960000038146973,0,Arial,5,93,13,False,False,0.9999992307698226,0.0,0.41499982867286195,36,0.48648642074507825,False,False,False,,Body
"Stephanie Ulrich, Tommi Välimäki, Jurian Van de Laar, Marnix Van den Ent, António Vieira Melo, Wenye",9.960000038146973,0,Arial,5,100,16,False,False,0.8749994531253418,0.0,0.41499982867286195,37,0.49999993243244156,False,False,False,,Body
"Xu, Ester Zabar, Wenqiang Zheng, Peter Zimmerer, Stevan Zivanovic, and Terry Zuo.",9.960000038146973,0,Arial,5,81,12,True,False,0.9166659027784144,0.0,0.41499982867286195,38,0.5135134441198048,False,False,False,,Body
"This document was formally approved for release by the General Assembly of the ISTQB® on May 31,",9.960000038146973,0,Arial,5,96,17,False,False,0.23529397923883574,0.02083333116319467,0.41499982867286195,39,0.5270269558071681,False,False,False,,Body
2014.,9.960000038146973,0,Arial,5,5,1,True,False,0.0,0.7999984000032001,0.41499982867286195,40,0.5405404674945314,False,False,False,,Body
Version 2014,9.960000038146973,0,Trebuchet MS,5,12,2,False,False,0.49999750001249993,0.33333305555578707,0.41499982867286195,41,0.5540539791818947,False,False,False,,Body
Page 5 of 12,9.960000038146973,0,Trebuchet MS,5,12,4,False,False,0.24999937500156252,0.24999979166684028,0.41499982867286195,42,0.567567490869258,False,False,False,,Body
"May 31, 2014",9.960000038146973,0,Trebuchet MS,5,12,3,False,False,0.3333322222259259,0.49999958333368055,0.41499982867286195,43,0.5810810025566212,False,False,False,,Body
© International Software Testing Qualifications Board,6.0,0,Arial,5,53,6,False,False,0.8333319444467593,0.0,0.24999989583337673,44,0.5945945142439846,False,False,False,,Body
Qualifications Board,9.960000038146973,0,Arial,6,20,2,False,False,0.9999950000249999,0.0,0.41499982867286195,0,0.0,False,False,False,,H2
International,9.960000038146973,0,Arial,6,13,1,False,False,0.9999900000999989,0.0,0.41499982867286195,1,0.013513511687363285,False,False,False,,H2
Overview,12.0,0,Arial,6,8,1,False,False,0.9999900000999989,0.0,0.49999979166675346,2,0.02702702337472657,False,False,False,,H2
Software Testing,9.960000038146973,0,Arial,6,16,2,False,False,0.9999950000249999,0.0,0.41499982867286195,3,0.04054053506208986,False,False,False,,H2
Foundation Level Extension –,9.960000038146973,0,Arial,6,28,4,False,False,0.7499981250046875,0.0,0.41499982867286195,4,0.05405404674945314,False,False,False,,Body
Agile Tester,9.960000038146973,0,Arial,6,12,2,False,False,0.9999950000249999,0.0,0.41499982867286195,5,0.06756755843681643,False,False,False,,H2
1.,15.960000038146973,0,Arial,6,2,1,True,False,0.0,0.49999750001249993,0.6649997245062387,6,0.08108107012417971,False,False,False,,Body
Introduction to the Foundation Level Extensions,15.960000038146973,1,"Arial,Bold",6,47,6,False,False,0.6666655555574075,0.0,0.6649997245062387,7,0.094594581811543,False,False,False,,Body
This overview document is intended for anyone with an interest in the ISTQB Foundation Level,9.960000038146973,0,Arial,6,92,15,False,False,0.19999986666675557,0.0,0.41499982867286195,8,0.10810809349890628,False,False,False,,Body
Extensions who wants a high-level introduction to the leading principles and an overview of the individual,9.960000038146973,0,Arial,6,106,16,False,False,0.06249996093752441,0.0,0.41499982867286195,9,0.12162160518626956,False,False,False,,Body
extension syllabi.,9.960000038146973,0,Arial,6,18,2,True,False,0.0,0.0,0.41499982867286195,10,0.13513511687363286,False,False,False,,Body
"From time to time, ISTQB will update this document to reflect any additional extensions that shall be",9.960000038146973,0,Arial,6,101,17,False,False,0.058823494809708936,0.0,0.41499982867286195,11,0.14864862856099614,False,False,False,,Body
"introduced for the Foundation Level, or to reflect major changes in existing ones. Publications of the",9.960000038146973,0,Arial,6,102,16,False,False,0.18749988281257324,0.0,0.41499982867286195,12,0.16216214024835943,False,False,False,,Body
updated document will be available on the ISTQB website.,9.960000038146973,0,Arial,6,56,9,True,False,0.0,0.0,0.41499982867286195,13,0.1756756519357227,False,False,False,,Body
The ISTQB Foundation and Advanced Level syllabi have been defined and have been on the market for,9.960000038146973,0,Arial,6,97,17,False,False,0.23529397923883574,0.0,0.41499982867286195,14,0.189189163623086,False,False,False,,Body
some time. New topics emerge due to technology and methodology changes in the market which often,9.960000038146973,0,Arial,6,96,16,False,False,0.06249996093752441,0.0,0.41499982867286195,15,0.20270267531044928,False,False,False,,Body
"are brought into the ISTQB program as new Expert Level syllabi. However, not all topics are suited for the",9.960000038146973,0,Arial,6,106,19,False,False,0.15789465373965592,0.0,0.41499982867286195,16,0.21621618699781256,False,False,False,,Body
"Expert Level. For this reason, the extension syllabi are established at the Foundation Level to expand the",9.960000038146973,0,Arial,6,106,17,False,False,0.29411747404854466,0.0,0.41499982867286195,17,0.22972969868517584,False,False,False,,Body
ISTQB program to incorporate new or updated knowledge. New extensions shall be discussed and,9.960000038146973,0,Arial,6,92,14,False,False,0.0714285204081997,0.0,0.41499982867286195,18,0.24324321037253913,False,False,False,,Body
"introduced by the ISTQB periodically. Extensions may be established at the Advanced Level as well, but",9.960000038146973,0,Arial,6,102,16,False,False,0.18749988281257324,0.0,0.41499982867286195,19,0.2567567220599024,False,False,False,,Body
that is beyond the scope of this document.,9.960000038146973,0,Arial,6,42,8,True,False,0.0,0.0,0.41499982867286195,20,0.2702702337472657,False,False,False,,Body
The following Foundation Level Extension syllabus has been released:,9.960000038146973,0,Arial,6,68,9,False,False,0.44444395061783265,0.0,0.41499982867286195,21,0.283783745434629,False,False,False,,Body
,9.960000038146973,0,Symbol,6,1,1,False,False,0.0,0.0,0.41499982867286195,22,0.2972972571219923,False,False,False,,Body
Agile Tester,9.960000038146973,0,Arial,6,12,2,False,False,0.9999950000249999,0.0,0.41499982867286195,23,0.31081076880935554,False,False,False,,Body
"In this document, each Foundation Level Extension syllabus is summarized and the associated Business",9.960000038146973,0,Arial,6,100,14,False,False,0.35714260204099857,0.0,0.41499982867286195,24,0.32432428049671885,False,False,False,,Body
Outcomes are stated. The Business Outcomes communicate what can be expected from a person who,9.960000038146973,0,Arial,6,93,15,False,False,0.2666664888890074,0.0,0.41499982867286195,25,0.3378377921840821,False,False,False,,Body
"achieves a Foundation Level Extension Certification in a particular subject area (e.g., Agile Tester), and",9.960000038146973,0,Arial,6,106,15,False,False,0.39999973333351113,0.0,0.41499982867286195,26,0.3513513038714454,True,False,False,,Body
will outline the benefits for companies that are considering the development of specific testing skills at this,9.960000038146973,0,Arial,6,111,17,False,False,0.0,0.0,0.41499982867286195,27,0.3648648155588087,False,False,False,,Body
level.,9.960000038146973,0,Arial,6,6,1,True,False,0.0,0.0,0.41499982867286195,28,0.378378327246172,False,False,False,,Body
Version 2014,9.960000038146973,0,Trebuchet MS,6,12,2,False,False,0.49999750001249993,0.33333305555578707,0.41499982867286195,29,0.39189183893353524,False,False,False,,Body
Page 6 of 12,9.960000038146973,0,Trebuchet MS,6,12,4,False,False,0.24999937500156252,0.24999979166684028,0.41499982867286195,30,0.40540535062089855,False,False,False,,Body
"May 31, 2014",9.960000038146973,0,Trebuchet MS,6,12,3,False,False,0.3333322222259259,0.49999958333368055,0.41499982867286195,31,0.4189188623082618,False,False,False,,Body
© International Software Testing Qualifications Board,6.0,0,Arial,6,53,6,False,False,0.8333319444467593,0.0,0.24999989583337673,32,0.4324323739956251,False,False,False,,Body
Qualifications Board,9.960000038146973,0,Arial,7,20,2,False,False,0.9999950000249999,0.0,0.41499982867286195,0,0.0,False,False,False,,H2
International,9.960000038146973,0,Arial,7,13,1,False,False,0.9999900000999989,0.0,0.41499982867286195,1,0.013513511687363285,False,False,False,,H2
Overview,12.0,0,Arial,7,8,1,False,False,0.9999900000999989,0.0,0.49999979166675346,2,0.02702702337472657,False,False,False,,H2
Software Testing,9.960000038146973,0,Arial,7,16,2,False,False,0.9999950000249999,0.0,0.41499982867286195,3,0.04054053506208986,False,False,False,,H2
Foundation Level Extension –,9.960000038146973,0,Arial,7,28,4,False,False,0.7499981250046875,0.0,0.41499982867286195,4,0.05405404674945314,False,False,False,,Body
Agile Tester,9.960000038146973,0,Arial,7,12,2,False,False,0.9999950000249999,0.0,0.41499982867286195,5,0.06756755843681643,False,False,False,,Body
2.,15.960000038146973,0,Arial,7,2,1,True,False,0.0,0.49999750001249993,0.6649997245062387,6,0.08108107012417971,False,False,False,,Body
Introduction to Foundation Level Agile Tester Extension,15.960000038146973,1,"Arial,Bold",7,55,7,False,False,0.8571416326548106,0.0,0.6649997245062387,7,0.094594581811543,False,False,False,,H2
The certification for Foundation Level Extension –,9.960000038146973,0,Arial,7,50,7,False,False,0.571427755103207,0.0,0.41499982867286195,8,0.10810809349890628,False,False,False,,Body
Agile Tester is designed for professionals who are,9.960000038146973,0,Arial,7,50,8,False,False,0.24999968750039064,0.0,0.41499982867286195,9,0.12162160518626956,False,False,False,,Body
working within Agile environments. It is also for professionals who are planning to start implementing,9.960000038146973,0,Arial,7,102,15,False,False,0.1333332444445037,0.0,0.41499982867286195,10,0.13513511687363286,False,False,False,,Body
"Agile methods in the near future, or are working within companies that plan to do so, The certification",9.960000038146973,0,Arial,7,103,18,False,False,0.11111104938275035,0.0,0.41499982867286195,11,0.14864862856099614,False,False,False,,Body
"provides an advantage for those who would like to know the required Agile activities, roles, methods, and",9.960000038146973,0,Arial,7,105,17,False,False,0.058823494809708936,0.0,0.41499982867286195,12,0.16216214024835943,False,False,False,,Body
methodologies specific to their role.,9.960000038146973,0,Arial,7,37,5,True,False,0.0,0.0,0.41499982867286195,13,0.1756756519357227,False,False,False,,Body
2.1 Intended Audience,14.039999961853027,0,Arial,7,21,3,False,False,0.6666644444518518,0.09523804988664292,0.584999754660645,14,0.189189163623086,False,False,False,,Body
The Foundation Level Extension –,9.960000038146973,0,Arial,7,32,5,False,False,0.7999984000032001,0.0,0.41499982867286195,15,0.20270267531044928,False,False,False,,Body
Agile Tester qualification is aimed at four main groups of professionals:,9.960000038146973,0,Arial,7,73,11,False,False,0.1818180165290759,0.0,0.41499982867286195,16,0.21621618699781256,False,False,False,,Body
1. Professionals who have achieved in-depth testing experience in traditional methods and would,9.960000038146973,0,Arial,7,95,13,False,False,0.07692301775152481,0.010526314681440559,0.41499982867286195,17,0.22972969868517584,False,False,False,,Body
like to get an Agile Tester Certificate.,9.960000038146973,0,Arial,7,40,7,True,False,0.4285708163274053,0.0,0.41499982867286195,18,0.24324321037253913,False,False,False,,Body
"2. Junior professional testers who are just starting in the testing profession, have received the",9.960000038146973,0,Arial,7,97,15,False,False,0.06666662222225185,0.010309277287703372,0.41499982867286195,19,0.2567567220599024,False,False,False,,Body
"Foundation Level certificate, and would like to know more about",9.960000038146973,0,Arial,7,63,10,False,False,0.1999998000002,0.0,0.41499982867286195,20,0.2702702337472657,False,False,False,,Body
the,9.960000038146973,0,Arial,7,3,1,False,False,0.0,0.0,0.41499982867286195,21,0.283783745434629,False,False,False,,Body
tester’s,9.960000038146973,0,Arial,7,8,1,False,False,0.0,0.0,0.41499982867286195,22,0.2972972571219923,False,False,False,,Body
role in an Agile,9.960000038146973,0,Arial,7,16,4,False,False,0.24999937500156252,0.0,0.41499982867286195,23,0.31081076880935554,False,False,False,,Body
environment.,9.960000038146973,0,Arial,7,12,1,True,False,0.0,0.0,0.41499982867286195,24,0.32432428049671885,False,False,False,,Body
"3. Professionals who are relatively new to testing and are required to implement test approaches,",9.960000038146973,0,Arial,7,97,15,False,False,0.06666662222225185,0.010309277287703372,0.41499982867286195,25,0.3378377921840821,False,False,False,,Body
methods and techniques in their day to day job in Agile projects.,9.960000038146973,0,Arial,7,65,12,True,False,0.08333326388894677,0.0,0.41499982867286195,26,0.3513513038714454,False,False,False,,Body
4. Professionals who are experienced in their role (including unit testing) and need more,9.960000038146973,0,Arial,7,89,14,False,False,0.0714285204081997,0.011235953793713057,0.41499982867286195,27,0.3648648155588087,False,False,False,,Body
understanding and knowledge about how to perform and manage testing on all levels in Agile,9.960000038146973,0,Arial,7,90,15,False,False,0.06666662222225185,0.0,0.41499982867286195,28,0.378378327246172,False,False,False,,Body
projects.,9.960000038146973,0,Arial,7,9,1,True,False,0.0,0.0,0.41499982867286195,29,0.39189183893353524,False,False,False,,Body
"These professionals include people who are in roles such as testers, test analysts, test engineers, test",9.960000038146973,0,Arial,7,104,16,False,False,0.06249996093752441,0.0,0.41499982867286195,30,0.40540535062089855,False,False,False,,Body
"consultants, test managers, user acceptance testers, and software developers.",9.960000038146973,0,Arial,7,77,9,True,False,0.0,0.0,0.41499982867286195,31,0.4189188623082618,False,False,False,,Body
This Foundation Level Extension –,9.960000038146973,0,Arial,7,33,5,False,False,0.7999984000032001,0.0,0.41499982867286195,32,0.4324323739956251,False,False,False,,Body
Agile Tester certification may also be appropriate for anyone who,9.960000038146973,0,Arial,7,65,10,False,False,0.1999998000002,0.0,0.41499982867286195,33,0.4459458856829884,False,False,False,,Body
"wants a deeper understanding of software testing in the Agile world, such as project managers, quality",9.960000038146973,0,Arial,7,102,16,False,False,0.06249996093752441,0.0,0.41499982867286195,34,0.4594593973703517,False,False,False,,Body
"managers, software development managers, business analysts, IT directors, and management",9.960000038146973,0,Arial,7,88,10,False,False,0.0,0.0,0.41499982867286195,35,0.472972909057715,False,False,False,,Body
consultants.,9.960000038146973,0,Arial,7,12,1,True,False,0.0,0.0,0.41499982867286195,36,0.48648642074507825,False,False,False,,Body
2.2 Career Paths for Testers,14.039999961853027,0,Arial,7,28,5,False,False,0.5999988000024,0.07142854591837645,0.584999754660645,37,0.49999993243244156,False,False,False,,Body
"Building on the Foundation Level, the Agile Tester Extension supports the definition of career paths for",9.960000038146973,0,Arial,7,104,16,False,False,0.3749997656251465,0.0,0.41499982867286195,38,0.5135134441198048,False,False,False,,Body
professional testers. A person with the Agile Tester certificate has extended the broad understanding of,9.960000038146973,0,Arial,7,104,15,False,False,0.19999986666675557,0.0,0.41499982867286195,39,0.5270269558071681,False,False,False,,Body
testing acquired at the Foundation Level to enable him or her to work effectively as a professional tester in,9.960000038146973,0,Arial,7,109,19,False,False,0.10526310249310396,0.0,0.41499982867286195,40,0.5405404674945314,False,False,False,,Body
an Agile project.,9.960000038146973,0,Arial,7,17,3,True,False,0.3333322222259259,0.0,0.41499982867286195,41,0.5540539791818947,False,False,False,,Body
People possessing an ISTQB Foundation Level Extension –,9.960000038146973,0,Arial,7,55,8,False,False,0.4999993750007813,0.0,0.41499982867286195,42,0.567567490869258,False,False,False,,Body
Agile Tester certificate may use the Certified,9.960000038146973,0,Arial,7,46,7,False,False,0.4285708163274053,0.0,0.41499982867286195,43,0.5810810025566212,False,False,False,,Body
Tester Foundation Level acronym CTFL-AT.,9.960000038146973,0,Arial,7,40,5,True,False,0.5999988000024,0.0,0.41499982867286195,44,0.5945945142439846,False,False,False,,Body
2.3 Learning Objectives,14.039999961853027,0,Arial,7,23,3,False,False,0.6666644444518518,0.08695648393196351,0.584999754660645,45,0.6081080259313478,False,False,False,,Body
"In general, the Foundation Level syllabus is examinable at a K1 level, i.e., the candidate will recognize,",9.960000038146973,0,Arial,7,106,17,False,False,0.23529397923883574,0.009433961374154587,0.41499982867286195,46,0.6216215376187111,False,False,False,,Body
remember and recall terms and concepts stated in the Foundation Level syllabus.,9.960000038146973,0,Arial,7,79,12,True,False,0.16666652777789354,0.0,0.41499982867286195,47,0.6351350493060743,False,False,False,,Body
"In addition, all Foundation Level syllabus learning objectives are examinable at the same K- level in an",9.960000038146973,0,Arial,7,104,17,False,False,0.23529397923883574,0.0,0.41499982867286195,48,0.6486485609934377,False,False,False,,Body
extension exam.,9.960000038146973,0,Arial,7,15,2,True,False,0.0,0.0,0.41499982867286195,49,0.662162072680801,False,False,False,,Body
Version 2014,9.960000038146973,0,Trebuchet MS,7,12,2,False,False,0.49999750001249993,0.33333305555578707,0.41499982867286195,50,0.6756755843681642,False,False,False,,Body
Page 7 of 12,9.960000038146973,0,Trebuchet MS,7,12,4,False,False,0.24999937500156252,0.24999979166684028,0.41499982867286195,51,0.6891890960555276,False,False,False,,Body
"May 31, 2014",9.960000038146973,0,Trebuchet MS,7,12,3,False,False,0.3333322222259259,0.49999958333368055,0.41499982867286195,52,0.7027026077428908,False,False,False,,Body
© International Software Testing Qualifications Board,6.0,0,Arial,7,53,6,False,False,0.8333319444467593,0.0,0.24999989583337673,53,0.7162161194302541,False,False,False,,Body
Qualifications Board,9.960000038146973,0,Arial,8,20,2,False,False,0.9999950000249999,0.0,0.41499982867286195,0,0.0,False,False,False,,H2
International,9.960000038146973,0,Arial,8,13,1,False,False,0.9999900000999989,0.0,0.41499982867286195,1,0.013513511687363285,False,False,False,,H2
Overview,12.0,0,Arial,8,8,1,False,False,0.9999900000999989,0.0,0.49999979166675346,2,0.02702702337472657,False,False,False,,H2
Software Testing,9.960000038146973,0,Arial,8,16,2,False,False,0.9999950000249999,0.0,0.41499982867286195,3,0.04054053506208986,False,False,False,,H2
Foundation Level Extension –,9.960000038146973,0,Arial,8,28,4,False,False,0.7499981250046875,0.0,0.41499982867286195,4,0.05405404674945314,False,False,False,,Body
Agile Tester,9.960000038146973,0,Arial,8,12,2,False,False,0.9999950000249999,0.0,0.41499982867286195,5,0.06756755843681643,False,False,False,,Body
"That said, each extension level exam focuses on the learning objectives defined in that extension",9.960000038146973,0,Arial,8,97,15,False,False,0.06666662222225185,0.0,0.41499982867286195,6,0.08108107012417971,False,False,False,,Body
"syllabus. The relevant learning objectives at K1, K2, and K3 levels are provided at the beginning of each",9.960000038146973,0,Arial,8,105,18,False,False,0.2222220987655007,0.028571425850340393,0.41499982867286195,7,0.094594581811543,False,False,False,,Body
chapter within each particular extension syllabus.,9.960000038146973,0,Arial,8,50,6,True,False,0.0,0.0,0.41499982867286195,8,0.10810809349890628,True,False,False,,Body
2.4 Entry Requirements,14.039999961853027,0,Arial,8,22,3,False,False,0.6666644444518518,0.09090904958679565,0.584999754660645,9,0.12162160518626956,False,False,False,,H2
To be able to participate in a Foundation Level Extension –,9.960000038146973,0,Arial,8,59,11,False,False,0.3636360330581518,0.0,0.41499982867286195,10,0.13513511687363286,True,False,False,,Body
"Agile Tester exam, candidates must have",9.960000038146973,0,Arial,8,39,6,False,False,0.33333277777870374,0.0,0.41499982867286195,11,0.14864862856099614,False,False,False,,Body
obtained the ISTQB Foundation Level certificate.,9.960000038146973,0,Arial,8,48,6,True,False,0.33333277777870374,0.0,0.41499982867286195,12,0.16216214024835943,False,False,False,,Body
2.5 Structure and Course Duration,14.039999961853027,0,Arial,8,33,5,False,False,0.5999988000024,0.06060604224059325,0.584999754660645,13,0.1756756519357227,False,False,False,,Body
The Foundation Level Extension –,9.960000038146973,0,Arial,8,32,5,False,False,0.7999984000032001,0.0,0.41499982867286195,14,0.189189163623086,False,False,False,,Body
Agile Tester syllabus has no shared or common elements with the,9.960000038146973,0,Arial,8,63,11,False,False,0.1818180165290759,0.0,0.41499982867286195,15,0.20270267531044928,False,False,False,,Body
Foundation Level syllabus.,9.960000038146973,0,Arial,8,26,3,True,False,0.6666644444518518,0.0,0.41499982867286195,16,0.21621618699781256,False,False,False,,Body
The syllabi must be taught in the following minimum number of days:,9.960000038146973,0,Arial,8,67,12,False,False,0.08333326388894677,0.0,0.41499982867286195,17,0.22972969868517584,False,False,False,,Body
Syllabus,9.960000038146973,1,"Arial,Bold",8,8,1,False,False,0.9999900000999989,0.0,0.41499982867286195,18,0.24324321037253913,False,False,False,,H2
Days,9.960000038146973,1,"Arial,Bold",8,4,1,False,False,0.9999900000999989,0.0,0.41499982867286195,19,0.2567567220599024,False,False,False,,H2
Baseline: Foundation,9.960000038146973,0,Arial,8,20,2,False,False,0.9999950000249999,0.0,0.41499982867286195,20,0.2702702337472657,False,False,False,,Body
3,9.960000038146973,0,Arial,8,1,1,False,False,0.0,0.9999900000999989,0.41499982867286195,21,0.283783745434629,False,False,False,,Body
Extension: Agile Tester,9.960000038146973,0,Arial,8,23,3,False,False,0.9999966666777778,0.0,0.41499982867286195,22,0.2972972571219923,False,False,False,,Body
2,9.960000038146973,0,Arial,8,1,1,False,False,0.0,0.9999900000999989,0.41499982867286195,23,0.31081076880935554,False,False,False,,Body
The following figure shows the structure of the Agile Tester Extension and its relationship to the,9.960000038146973,0,Arial,8,98,16,False,False,0.24999984375009765,0.0,0.41499982867286195,24,0.32432428049671885,False,False,False,,Body
Foundation Level.,9.960000038146973,0,Arial,8,17,2,True,False,0.9999950000249999,0.0,0.41499982867286195,25,0.3378377921840821,False,False,False,,Body
Version 2014,9.960000038146973,0,Trebuchet MS,8,12,2,False,False,0.49999750001249993,0.33333305555578707,0.41499982867286195,26,0.3513513038714454,False,False,False,,Body
Page 8 of 12,9.960000038146973,0,Trebuchet MS,8,12,4,False,False,0.24999937500156252,0.24999979166684028,0.41499982867286195,27,0.3648648155588087,False,False,False,,Body
"May 31, 2014",9.960000038146973,0,Trebuchet MS,8,12,3,False,False,0.3333322222259259,0.49999958333368055,0.41499982867286195,28,0.378378327246172,False,False,False,,Body
© International Software Testing Qualifications Board,6.0,0,Arial,8,53,6,False,False,0.8333319444467593,0.0,0.24999989583337673,29,0.39189183893353524,False,False,False,,Body
Qualifications Board,9.960000038146973,0,Arial,9,20,2,False,False,0.9999950000249999,0.0,0.41499982867286195,0,0.0,False,False,False,,H2
International,9.960000038146973,0,Arial,9,13,1,False,False,0.9999900000999989,0.0,0.41499982867286195,1,0.013513511687363285,False,False,False,,H2
Overview,12.0,0,Arial,9,8,1,False,False,0.9999900000999989,0.0,0.49999979166675346,2,0.02702702337472657,False,False,False,,H2
Software Testing,9.960000038146973,0,Arial,9,16,2,False,False,0.9999950000249999,0.0,0.41499982867286195,3,0.04054053506208986,False,False,False,,H2
Foundation Level Extension –,9.960000038146973,0,Arial,9,28,4,False,False,0.7499981250046875,0.0,0.41499982867286195,4,0.05405404674945314,False,False,False,,Body
Agile Tester,9.960000038146973,0,Arial,9,12,2,False,False,0.9999950000249999,0.0,0.41499982867286195,5,0.06756755843681643,False,False,False,,Body
2.6 Keeping It Current,14.039999961853027,0,Arial,9,22,4,False,False,0.7499981250046875,0.09090904958679565,0.584999754660645,6,0.08108107012417971,False,False,False,,H2
The software industry changes rapidly. To deal with these changes and to provide the stakeholders with,9.960000038146973,0,Arial,9,102,16,False,False,0.12499992187504883,0.0,0.41499982867286195,7,0.094594581811543,False,False,False,,Body
"access to relevant and current information, the ISTQB working groups have created links on the",9.960000038146973,0,Arial,9,94,15,False,False,0.0,0.0,0.41499982867286195,8,0.10810809349890628,False,False,False,,Body
"www.istqb.org web site which refer to supporting documents, changes to standards and new occurrences",9.960000038146973,0,Arial,9,100,14,False,False,0.0,0.0,0.41499982867286195,9,0.12162160518626956,False,False,False,,Body
in the industry. This information is not examinable under this syllabus.,9.960000038146973,0,Arial,9,72,11,True,False,0.09090900826453795,0.0,0.41499982867286195,10,0.13513511687363286,False,False,False,,Body
Version 2014,9.960000038146973,0,Trebuchet MS,9,12,2,False,False,0.49999750001249993,0.33333305555578707,0.41499982867286195,11,0.14864862856099614,False,False,False,,Body
Page 9 of 12,9.960000038146973,0,Trebuchet MS,9,12,4,False,False,0.24999937500156252,0.24999979166684028,0.41499982867286195,12,0.16216214024835943,False,False,False,,Body
"May 31, 2014",9.960000038146973,0,Trebuchet MS,9,12,3,False,False,0.3333322222259259,0.49999958333368055,0.41499982867286195,13,0.1756756519357227,False,False,False,,Body
© International Software Testing Qualifications Board,6.0,0,Arial,9,53,6,False,False,0.8333319444467593,0.0,0.24999989583337673,14,0.189189163623086,False,False,False,,Body
Qualifications Board,9.960000038146973,0,Arial,10,20,2,False,False,0.9999950000249999,0.0,0.41499982867286195,0,0.0,False,False,False,,H2
International,9.960000038146973,0,Arial,10,13,1,False,False,0.9999900000999989,0.0,0.41499982867286195,1,0.013513511687363285,False,False,False,,H2
Overview,12.0,0,Arial,10,8,1,False,False,0.9999900000999989,0.0,0.49999979166675346,2,0.02702702337472657,False,False,False,,H2
Software Testing,9.960000038146973,0,Arial,10,16,2,False,False,0.9999950000249999,0.0,0.41499982867286195,3,0.04054053506208986,False,False,False,,H2
Foundation Level Extension –,9.960000038146973,0,Arial,10,28,4,False,False,0.7499981250046875,0.0,0.41499982867286195,4,0.05405404674945314,False,False,False,,Body
Agile Tester,9.960000038146973,0,Arial,10,12,2,False,False,0.9999950000249999,0.0,0.41499982867286195,5,0.06756755843681643,False,False,False,,Body
3.,15.960000038146973,0,Arial,10,2,1,True,False,0.0,0.49999750001249993,0.6649997245062387,6,0.08108107012417971,False,False,False,,Body
Overview of the Foundation Level Extension –,15.960000038146973,1,"Arial,Bold",10,44,7,False,False,0.571427755103207,0.0,0.6649997245062387,7,0.094594581811543,False,False,False,,Body
Agile Tester,15.960000038146973,1,"Arial,Bold",10,12,2,False,False,0.9999950000249999,0.0,0.6649997245062387,8,0.10810809349890628,False,False,False,,H2
Syllabus,15.960000038146973,1,"Arial,Bold",10,8,1,False,False,0.9999900000999989,0.0,0.6649997245062387,9,0.12162160518626956,False,False,False,,H2
3.1 Business Outcomes,14.039999961853027,0,Arial,10,21,3,False,False,0.6666644444518518,0.09523804988664292,0.584999754660645,10,0.13513511687363286,False,False,False,,H2
This section lists the Business Outcomes expected of a candidate who has achieved the Foundation Level,9.960000038146973,0,Arial,10,102,16,False,False,0.31249980468762206,0.0,0.41499982867286195,11,0.14864862856099614,True,False,False,,Body
Extension –,9.960000038146973,0,Arial,10,11,2,False,False,0.49999750001249993,0.0,0.41499982867286195,12,0.16216214024835943,False,False,False,,Body
Agile Tester certification.,9.960000038146973,0,Arial,10,27,3,True,False,0.6666644444518518,0.0,0.41499982867286195,13,0.1756756519357227,False,False,False,,Body
An Agile Tester can…,9.960000038146973,0,Arial,10,20,4,False,False,0.7499981250046875,0.0,0.41499982867286195,14,0.189189163623086,False,False,False,,Body
AFM1,9.960000038146973,0,Arial,10,4,1,False,True,0.0,0.24999937500156252,0.41499982867286195,15,0.20270267531044928,False,False,False,,Body
Collaborate in a cross-functional Agile team being familiar with principles and basic,9.960000038146973,0,Arial,10,85,12,False,False,0.16666652777789354,0.0,0.41499982867286195,16,0.21621618699781256,False,False,False,,Body
practices of Agile software development.,9.960000038146973,0,Arial,10,40,5,True,False,0.19999960000080003,0.0,0.41499982867286195,17,0.22972969868517584,False,False,False,,Body
AFM2,9.960000038146973,0,Arial,10,4,1,False,True,0.0,0.24999937500156252,0.41499982867286195,18,0.24324321037253913,False,False,False,,Body
Adapt existing testing experience and knowledge to Agile values and principles.,9.960000038146973,0,Arial,10,79,11,True,False,0.1818180165290759,0.0,0.41499982867286195,19,0.2567567220599024,False,False,False,,Body
AFM3,9.960000038146973,0,Arial,10,4,1,False,True,0.0,0.24999937500156252,0.41499982867286195,20,0.2702702337472657,False,False,False,,Body
Support the Agile team in planning test-related activities.,9.960000038146973,0,Arial,10,59,8,True,False,0.24999968750039064,0.0,0.41499982867286195,21,0.283783745434629,False,False,False,,Body
AFM4,9.960000038146973,0,Arial,10,4,1,False,True,0.0,0.24999937500156252,0.41499982867286195,22,0.2972972571219923,False,False,False,,Body
Apply relevant methods and techniques for testing in an Agile project.,9.960000038146973,0,Arial,10,70,11,True,False,0.1818180165290759,0.0,0.41499982867286195,23,0.31081076880935554,False,False,False,,Body
AFM5,9.960000038146973,0,Arial,10,4,1,False,True,0.0,0.24999937500156252,0.41499982867286195,24,0.32432428049671885,False,False,False,,Body
Assist the Agile team in test automation activities.,9.960000038146973,0,Arial,10,52,8,True,False,0.24999968750039064,0.0,0.41499982867286195,25,0.3378377921840821,False,False,False,,Body
AFM6,9.960000038146973,0,Arial,10,4,1,False,True,0.0,0.24999937500156252,0.41499982867286195,26,0.3513513038714454,False,False,False,,Body
"Assist business stakeholders in defining understandable and testable user stories,",9.960000038146973,0,Arial,10,82,10,False,False,0.0999999000001,0.0,0.41499982867286195,27,0.3648648155588087,False,False,False,,Body
"scenarios, requirements and acceptance criteria as appropriate.",9.960000038146973,0,Arial,10,63,7,True,False,0.0,0.0,0.41499982867286195,28,0.378378327246172,False,False,False,,Body
AFM7,9.960000038146973,0,Arial,10,4,1,False,True,0.0,0.24999937500156252,0.41499982867286195,29,0.39189183893353524,False,False,False,,Body
Work and share information with other team members using effective communication,9.960000038146973,0,Arial,10,80,11,False,False,0.09090900826453795,0.0,0.41499982867286195,30,0.40540535062089855,False,False,False,,Body
styles and channels.,9.960000038146973,0,Arial,10,20,3,True,False,0.0,0.0,0.41499982867286195,31,0.4189188623082618,False,False,False,,Body
"In general, a Certified Tester Foundation Level –",9.960000038146973,0,Arial,10,49,8,False,False,0.6249992187509766,0.0,0.41499982867286195,32,0.4324323739956251,False,False,False,,Body
Agile Tester is expected to have acquired the necessary,9.960000038146973,0,Arial,10,55,9,False,False,0.22222197530891633,0.0,0.41499982867286195,33,0.4459458856829884,False,False,False,,Body
skills to working effectively within an Agile team and environment.,9.960000038146973,0,Arial,10,67,10,True,False,0.0999999000001,0.0,0.41499982867286195,34,0.4594593973703517,False,False,False,,Body
3.2 Content,14.039999961853027,0,Arial,10,11,2,False,False,0.49999750001249993,0.1818180165290759,0.584999754660645,35,0.472972909057715,False,False,False,,Body
Chapter 1: Agile Software Development,9.960000038146973,0,Arial,10,37,5,False,False,0.7999984000032001,0.0270270197224271,0.41499982867286195,36,0.48648642074507825,True,False,False,,Body
,9.960000038146973,0,Symbol,10,1,1,False,False,0.0,0.0,0.41499982867286195,37,0.49999993243244156,False,False,False,,Body
The tester should remember the basic concept of Agile software development based on the Agile,9.960000038146973,0,Arial,10,93,15,False,False,0.19999986666675557,0.0,0.41499982867286195,38,0.5135134441198048,False,False,False,,Body
Manifesto.,9.960000038146973,0,Arial,10,10,1,True,False,0.9999900000999989,0.0,0.41499982867286195,39,0.5270269558071681,False,False,False,,Body
,9.960000038146973,0,Symbol,10,1,1,False,False,0.0,0.0,0.41499982867286195,40,0.5405404674945314,False,False,False,,Body
The tester should understand the advantages of the whole-team approach and the benefits of,9.960000038146973,0,Arial,10,90,14,False,False,0.0714285204081997,0.0,0.41499982867286195,41,0.5540539791818947,False,False,False,,Body
early and frequent feedback.,9.960000038146973,0,Arial,10,28,4,True,False,0.0,0.0,0.41499982867286195,42,0.567567490869258,False,False,False,,Body
,9.960000038146973,0,Symbol,10,1,1,False,False,0.0,0.0,0.41499982867286195,43,0.5810810025566212,False,False,False,,Body
The tester should recall Agile software development approaches.,9.960000038146973,0,Arial,10,63,8,True,False,0.24999968750039064,0.0,0.41499982867286195,44,0.5945945142439846,False,False,False,,Body
,9.960000038146973,0,Symbol,10,1,1,False,False,0.0,0.0,0.41499982867286195,45,0.6081080259313478,False,False,False,,Body
The tester should be able to write testable user stories in collaboration with developers and,9.960000038146973,0,Arial,10,93,15,False,False,0.06666662222225185,0.0,0.41499982867286195,46,0.6216215376187111,False,False,False,,Body
business representatives.,9.960000038146973,0,Arial,10,25,2,True,False,0.0,0.0,0.41499982867286195,47,0.6351350493060743,False,False,False,,Body
,9.960000038146973,0,Symbol,10,1,1,False,False,0.0,0.0,0.41499982867286195,48,0.6486485609934377,False,False,False,,Body
The tester should understand how retrospectives can be used as a mechanism for process,9.960000038146973,0,Arial,10,86,14,False,False,0.0714285204081997,0.0,0.41499982867286195,49,0.662162072680801,False,False,False,,Body
improvement in Agile projects.,9.960000038146973,0,Arial,10,30,4,True,False,0.24999937500156252,0.0,0.41499982867286195,50,0.6756755843681642,False,False,False,,Body
,9.960000038146973,0,Symbol,10,1,1,False,False,0.0,0.0,0.41499982867286195,51,0.6891890960555276,False,False,False,,Body
The tester should understand the use and purpose of continuous integration.,9.960000038146973,0,Arial,10,75,11,True,False,0.09090900826453795,0.0,0.41499982867286195,52,0.7027026077428908,False,False,False,,Body
,9.960000038146973,0,Symbol,10,1,1,False,False,0.0,0.0,0.41499982867286195,53,0.7162161194302541,False,False,False,,Body
"The tester should know the differences between iteration and release planning, and how a tester",9.960000038146973,0,Arial,10,95,15,False,False,0.06666662222225185,0.0,0.41499982867286195,54,0.7297296311176174,False,False,False,,Body
adds value in each of these activities.,9.960000038146973,0,Arial,10,39,7,True,False,0.0,0.0,0.41499982867286195,55,0.7432431428049807,False,False,False,,Body
Version 2014,9.960000038146973,0,Trebuchet MS,10,12,2,False,False,0.49999750001249993,0.33333305555578707,0.41499982867286195,56,0.756756654492344,False,False,False,,Body
Page 10 of 12,9.960000038146973,0,Trebuchet MS,10,13,4,False,False,0.24999937500156252,0.30769207100609924,0.41499982867286195,57,0.7702701661797072,False,False,False,,Body
"May 31, 2014",9.960000038146973,0,Trebuchet MS,10,12,3,False,False,0.3333322222259259,0.49999958333368055,0.41499982867286195,58,0.7837836778670705,False,False,False,,Body
© International Software Testing Qualifications Board,6.0,0,Arial,10,53,6,False,False,0.8333319444467593,0.0,0.24999989583337673,59,0.7972971895544338,False,False,False,,Body
International,9.960000038146973,0,Arial,11,13,1,False,False,0.9999900000999989,0.0,0.41499982867286195,0,0.0,False,False,False,,H2
Overview,12.0,0,Arial,11,8,1,False,False,0.9999900000999989,0.0,0.49999979166675346,1,0.013513511687363285,False,False,False,,H2
Software Testing,9.960000038146973,0,Arial,11,16,2,False,False,0.9999950000249999,0.0,0.41499982867286195,2,0.02702702337472657,False,False,False,,H2
Foundation Level Extension –,9.960000038146973,0,Arial,11,28,4,False,False,0.7499981250046875,0.0,0.41499982867286195,3,0.04054053506208986,False,False,False,,Body
Agile Tester,9.960000038146973,0,Arial,11,12,2,False,False,0.9999950000249999,0.0,0.41499982867286195,4,0.05405404674945314,False,False,False,,Body
Qualifications,9.960000038146973,0,Arial,11,14,1,False,False,0.9999900000999989,0.0,0.41499982867286195,5,0.06756755843681643,False,False,False,,Body
Board,9.960000038146973,0,Arial,11,5,1,False,False,0.9999900000999989,0.0,0.41499982867286195,6,0.08108107012417971,False,False,False,,Body
"Chapter 2: Fundamental Agile Testing Principles, Practices, and Processes",9.960000038146973,0,Arial,11,73,9,False,False,0.7777769135812072,0.013698628260461882,0.41499982867286195,7,0.094594581811543,True,False,False,,Body
,9.960000038146973,0,Symbol,11,1,1,False,False,0.0,0.0,0.41499982867286195,8,0.10810809349890628,False,False,False,,Body
The tester should be able to describe the differences between testing activities in Agile projects,9.960000038146973,0,Arial,11,98,15,False,False,0.1333332444445037,0.0,0.41499982867286195,9,0.12162160518626956,False,False,False,,Body
and non-Agile projects.,9.960000038146973,0,Arial,11,23,3,True,False,0.0,0.0,0.41499982867286195,10,0.13513511687363286,False,False,False,,Body
,9.960000038146973,0,Symbol,11,1,1,False,False,0.0,0.0,0.41499982867286195,11,0.14864862856099614,False,False,False,,Body
The tester should be able to describe how development and testing activities are integrated in,9.960000038146973,0,Arial,11,94,15,False,False,0.06666662222225185,0.0,0.41499982867286195,12,0.16216214024835943,False,False,False,,Body
Agile projects.,9.960000038146973,0,Arial,11,15,2,True,False,0.49999750001249993,0.0,0.41499982867286195,13,0.1756756519357227,False,False,False,,Body
,9.960000038146973,0,Symbol,11,1,1,False,False,0.0,0.0,0.41499982867286195,14,0.189189163623086,False,False,False,,Body
The tester should be able to describe the role of independent testing in Agile projects.,9.960000038146973,0,Arial,11,88,15,True,False,0.1333332444445037,0.0,0.41499982867286195,15,0.20270267531044928,False,False,False,,Body
,9.960000038146973,0,Symbol,11,1,1,False,False,0.0,0.0,0.41499982867286195,16,0.21621618699781256,False,False,False,,Body
The tester should be able to describe the tools and techniques used to communicate the status of,9.960000038146973,0,Arial,11,96,17,False,False,0.058823494809708936,0.0,0.41499982867286195,17,0.22972969868517584,False,False,False,,Body
"testing in an Agile project, including test progress and product quality.",9.960000038146973,0,Arial,11,73,11,True,False,0.09090900826453795,0.0,0.41499982867286195,18,0.24324321037253913,False,False,False,,Body
,9.960000038146973,0,Symbol,11,1,1,False,False,0.0,0.0,0.41499982867286195,19,0.2567567220599024,False,False,False,,Body
The tester should be able to describe the process of evolving tests across multiple iterations and,9.960000038146973,0,Arial,11,98,16,False,False,0.06249996093752441,0.0,0.41499982867286195,20,0.2702702337472657,False,False,False,,Body
explain why test automation is important to manage regression risk in Agile projects.,9.960000038146973,0,Arial,11,85,13,True,False,0.07692301775152481,0.0,0.41499982867286195,21,0.283783745434629,False,False,False,,Body
,9.960000038146973,0,Symbol,11,1,1,False,False,0.0,0.0,0.41499982867286195,22,0.2972972571219923,False,False,False,,Body
"The tester should understand the skills (people, domain, and testing) of a tester in an Agile team.",9.960000038146973,0,Arial,11,99,17,True,False,0.11764698961941787,0.0,0.41499982867286195,23,0.31081076880935554,False,False,False,,Body
,9.960000038146973,0,Symbol,11,1,1,False,False,0.0,0.0,0.41499982867286195,24,0.32432428049671885,False,False,False,,Body
The tester should be able to understand the role of a tester within an Agile team.,9.960000038146973,0,Arial,11,82,16,True,False,0.12499992187504883,0.0,0.41499982867286195,25,0.3378377921840821,False,False,False,,Body
"Chapter 3: Agile Testing Methods, Techniques, and Tools",9.960000038146973,0,Arial,11,55,8,False,False,0.7499990625011719,0.018181814876033656,0.41499982867286195,26,0.3513513038714454,True,False,False,,Body
,9.960000038146973,0,Symbol,11,1,1,False,False,0.0,0.0,0.41499982867286195,27,0.3648648155588087,False,False,False,,Body
"The tester should be able to recall the concepts of test-driven development, acceptance test-",9.960000038146973,0,Arial,11,93,14,False,False,0.0714285204081997,0.0,0.41499982867286195,28,0.378378327246172,False,False,False,,Body
"driven development, and behavior-driven development.",9.960000038146973,0,Arial,11,52,5,True,False,0.0,0.0,0.41499982867286195,29,0.39189183893353524,False,False,False,,Body
,9.960000038146973,0,Symbol,11,1,1,False,False,0.0,0.0,0.41499982867286195,30,0.40540535062089855,False,False,False,,Body
The tester should be able to recall the concepts of the test pyramid.,9.960000038146973,0,Arial,11,69,13,True,False,0.07692301775152481,0.0,0.41499982867286195,31,0.4189188623082618,False,False,False,,Body
,9.960000038146973,0,Symbol,11,1,1,False,False,0.0,0.0,0.41499982867286195,32,0.4324323739956251,False,False,False,,Body
The tester should be able to summarize the testing quadrants and their relationships with testing,9.960000038146973,0,Arial,11,97,15,False,False,0.06666662222225185,0.0,0.41499982867286195,33,0.4459458856829884,False,False,False,,Body
levels and testing types.,9.960000038146973,0,Arial,11,25,4,True,False,0.0,0.0,0.41499982867286195,34,0.4594593973703517,False,False,False,,Body
,9.960000038146973,0,Symbol,11,1,1,False,False,0.0,0.0,0.41499982867286195,35,0.472972909057715,False,False,False,,Body
"For a given Agile project, the tester should be able to work as a tester in a Scrum team.",9.960000038146973,0,Arial,11,89,19,True,False,0.15789465373965592,0.0,0.41499982867286195,36,0.48648642074507825,False,False,False,,Body
,9.960000038146973,0,Symbol,11,1,1,False,False,0.0,0.0,0.41499982867286195,37,0.49999993243244156,False,False,False,,Body
The tester should be able to assess quality risks within an Agile project.,9.960000038146973,0,Arial,11,74,13,True,False,0.15384603550304962,0.0,0.41499982867286195,38,0.5135134441198048,False,False,False,,Body
,9.960000038146973,0,Symbol,11,1,1,False,False,0.0,0.0,0.41499982867286195,39,0.5270269558071681,False,False,False,,Body
The tester should be able to estimate testing effort based on iteration content and quality risks.,9.960000038146973,0,Arial,11,98,16,True,False,0.06249996093752441,0.0,0.41499982867286195,40,0.5405404674945314,False,False,False,,Body
,9.960000038146973,0,Symbol,11,1,1,False,False,0.0,0.0,0.41499982867286195,41,0.5540539791818947,False,False,False,,Body
The tester should be able to interpret relevant information to support testing activities.,9.960000038146973,0,Arial,11,90,13,True,False,0.07692301775152481,0.0,0.41499982867286195,42,0.567567490869258,False,False,False,,Body
,9.960000038146973,0,Symbol,11,1,1,False,False,0.0,0.0,0.41499982867286195,43,0.5810810025566212,False,False,False,,Body
The tester should be able to explain to business stakeholders how to define testable acceptance,9.960000038146973,0,Arial,11,95,15,False,False,0.06666662222225185,0.0,0.41499982867286195,44,0.5945945142439846,False,False,False,,Body
criteria.,9.960000038146973,0,Arial,11,9,1,True,False,0.0,0.0,0.41499982867286195,45,0.6081080259313478,False,False,False,,Body
,9.960000038146973,0,Symbol,11,1,1,False,False,0.0,0.0,0.41499982867286195,46,0.6216215376187111,False,False,False,,Body
"Given a user story, the tester should be able to write acceptance test-driven development test",9.960000038146973,0,Arial,11,94,15,False,False,0.06666662222225185,0.0,0.41499982867286195,47,0.6351350493060743,False,False,False,,Body
cases.,9.960000038146973,0,Arial,11,6,1,True,False,0.0,0.0,0.41499982867286195,48,0.6486485609934377,False,False,False,,Body
,9.960000038146973,0,Symbol,11,1,1,False,False,0.0,0.0,0.41499982867286195,49,0.662162072680801,False,False,False,,Body
"For both functional and non-functional behavior, the tester should be able to write test cases using",9.960000038146973,0,Arial,11,100,16,False,False,0.06249996093752441,0.0,0.41499982867286195,50,0.6756755843681642,False,False,False,,Body
black box test design techniques based on given user stories.,9.960000038146973,0,Arial,11,61,10,True,False,0.0,0.0,0.41499982867286195,51,0.6891890960555276,False,False,False,,Body
,9.960000038146973,0,Symbol,11,1,1,False,False,0.0,0.0,0.41499982867286195,52,0.7027026077428908,False,False,False,,Body
The tester should be able to perform exploratory testing to support the testing of an Agile project.,9.960000038146973,0,Arial,11,100,17,True,False,0.11764698961941787,0.0,0.41499982867286195,53,0.7162161194302541,False,False,False,,Body
,9.960000038146973,0,Symbol,11,1,1,False,False,0.0,0.0,0.41499982867286195,54,0.7297296311176174,False,False,False,,Body
The tester should be able to recall different tools available to testers according to their purpose,9.960000038146973,0,Arial,11,99,16,False,False,0.06249996093752441,0.0,0.41499982867286195,55,0.7432431428049807,False,False,False,,Body
and to activities in Agile projects.,9.960000038146973,0,Arial,11,36,6,True,False,0.16666638888935187,0.0,0.41499982867286195,56,0.756756654492344,False,False,False,,Body
Version 2014,9.960000038146973,0,Trebuchet MS,11,12,2,False,False,0.49999750001249993,0.33333305555578707,0.41499982867286195,57,0.7702701661797072,False,False,False,,Body
Page 11 of 12,9.960000038146973,0,Trebuchet MS,11,13,4,False,False,0.24999937500156252,0.30769207100609924,0.41499982867286195,58,0.7837836778670705,False,False,False,,Body
"May 31, 2014",9.960000038146973,0,Trebuchet MS,11,12,3,False,False,0.3333322222259259,0.49999958333368055,0.41499982867286195,59,0.7972971895544338,False,False,False,,Body
© International Software Testing Qualifications Board,6.0,0,Arial,11,53,6,False,False,0.8333319444467593,0.0,0.24999989583337673,60,0.8108107012417971,False,False,False,,Body
Qualifications Board,9.960000038146973,0,Arial,12,20,2,False,False,0.9999950000249999,0.0,0.41499982867286195,0,0.0,False,False,False,,H2
International,9.960000038146973,0,Arial,12,13,1,False,False,0.9999900000999989,0.0,0.41499982867286195,1,0.013513511687363285,False,False,False,,H2
Overview,12.0,0,Arial,12,8,1,False,False,0.9999900000999989,0.0,0.49999979166675346,2,0.02702702337472657,False,False,False,,H2
Software Testing,9.960000038146973,0,Arial,12,16,2,False,False,0.9999950000249999,0.0,0.41499982867286195,3,0.04054053506208986,False,False,False,,H2
Foundation Level Extension –,9.960000038146973,0,Arial,12,28,4,False,False,0.7499981250046875,0.0,0.41499982867286195,4,0.05405404674945314,False,False,False,,Body
Agile Tester,9.960000038146973,0,Arial,12,12,2,False,False,0.9999950000249999,0.0,0.41499982867286195,5,0.06756755843681643,False,False,False,,Body
4.,15.960000038146973,0,Arial,12,2,1,True,False,0.0,0.49999750001249993,0.6649997245062387,6,0.08108107012417971,False,False,False,,Body
References,15.960000038146973,1,"Arial,Bold",12,10,1,False,False,0.9999900000999989,0.0,0.6649997245062387,7,0.094594581811543,False,False,False,,H2
4.1 Trademarks,14.039999961853027,0,Arial,12,14,2,False,False,0.49999750001249993,0.1428570408163994,0.584999754660645,8,0.10810809349890628,False,False,False,,H2
The following registered trademarks and service marks are used in this document:,9.960000038146973,0,Arial,12,80,12,False,False,0.08333326388894677,0.0,0.41499982867286195,9,0.12162160518626956,False,False,False,,Body
ISTQB,9.960000038146973,0,Arial,12,5,1,False,True,0.0,0.0,0.41499982867286195,10,0.13513511687363286,False,False,False,,Body
®,6.480000019073486,0,Arial,12,1,1,False,False,0.0,0.0,0.26999988829477517,11,0.14864862856099614,False,False,False,,Body
is a registered trademark of the International Software Testing Qualifications Board,9.960000038146973,0,Arial,12,84,11,False,False,0.45454504132268975,0.0,0.41499982867286195,12,0.16216214024835943,False,False,False,,Body
4.2 Documents and Web Sites,14.039999961853027,0,Arial,12,27,5,False,False,0.5999988000024,0.07407404663924198,0.584999754660645,13,0.1756756519357227,False,False,False,,Body
Identifier,9.960000038146973,1,"Arial,Bold",12,10,1,False,False,0.9999900000999989,0.0,0.41499982867286195,14,0.189189163623086,False,False,False,,H2
Reference,9.960000038146973,1,"Arial,Bold",12,9,1,False,False,0.9999900000999989,0.0,0.41499982867286195,15,0.20270267531044928,False,False,False,,H2
[ISTQB-Web],9.960000038146973,0,Arial,12,11,1,False,False,0.0,0.0,0.41499982867286195,16,0.21621618699781256,False,False,False,,Body
Web site of the International Software Testing Qualifications Board. Refer,9.960000038146973,0,Arial,12,74,10,False,False,0.6999993000007,0.0,0.41499982867286195,17,0.22972969868517584,False,False,False,,Body
to this website for the latest ISTQB Glossary and Syllabi. (www.istqb.org),9.960000038146973,0,Arial,12,74,11,False,False,0.1818180165290759,0.0,0.41499982867286195,18,0.24324321037253913,False,False,False,,Body
Version 2014,9.960000038146973,0,Trebuchet MS,12,12,2,False,False,0.49999750001249993,0.33333305555578707,0.41499982867286195,19,0.2567567220599024,False,False,False,,Body
Page 12 of 12,9.960000038146973,0,Trebuchet MS,12,13,4,False,False,0.24999937500156252,0.30769207100609924,0.41499982867286195,20,0.2702702337472657,False,False,False,,Body
"May 31, 2014",9.960000038146973,0,Trebuchet MS,12,12,3,False,False,0.3333322222259259,0.49999958333368055,0.41499982867286195,21,0.283783745434629,False,False,False,,Body
© International Software Testing Qualifications Board,6.0,0,Arial,12,53,6,False,False,0.8333319444467593,0.0,0.24999989583337673,22,0.2972972571219923,False,False,False,,Body
